methane,CH4,C
ethane,C2H6,CC
propane,C3H8,CCC
butane,C4H10,CCCC
isobutane (2-methylpropane),C4H10,CC(C)C
pentane,C5H12,CCCCC
2-methylbutane,C5H12,CCC(C)C
2;2-dimethylpropane (neopentane),C5H12,CC(C)(C)C
hexane,C6H14,CCCCCC
cyclohexane,C6H12,C1CCCCC1
cyclopropane,C3H6,C1CC1
ethene (ethylene),C2H4,C=C
propene,C3H6,CC=C
1-butene,C4H8,CCC=C
2-butene (cis/trans unspecified),C4H8,CC=CC
(E)-2-butene,C4H8,C/C=C/C
(Z)-2-butene,C4H8,C/C=C\\C
2-methylpropene (isobutylene),C4H8,CC(C)=C
1;3-butadiene,C4H6,C=CC=C
ethyne (acetylene),C2H2,C#C
propyne,C3H4,CC#C
2-butyne,C4H6,CC#CC
methanol,CH4O,CO
ethanol,C2H6O,CCO
1-propanol,C3H8O,CCCO
2-propanol (isopropanol),C3H8O,CC(C)O
tert-butanol (2-methyl-2-propanol),C4H10O,CC(C)(C)O
ethylene glycol (1;2-ethanediol),C2H6O2,OCCO
glycerol,C3H8O3,OCC(O)CO
phenol,C6H6O,Oc1ccccc1
dimethyl ether,C2H6O,COC
diethyl ether,C4H10O,CCOCC
tetrahydrofuran (THF),C4H8O,C1CCOC1
oxirane (ethylene oxide),C2H4O,C1CO1
formaldehyde,CH2O,C=O
acetaldehyde,C2H4O,CC=O
propanal,C3H6O,CCC=O
benzaldehyde,C7H6O,O=Cc1ccccc1
acetone (propanone),C3H6O,CC(C)=O
2-butanone (MEK),C4H8O,CCC(C)=O
cyclohexanone,C6H10O,O=C1CCCCC1
acetophenone,C8H8O,CC(=O)c1ccccc1
formic acid,CH2O2,OC=O
acetic acid,C2H4O2,CC(=O)O
propanoic acid,C3H6O2,CCC(=O)O
benzoic acid,C7H6O2,OC(=O)c1ccccc1
methyl acetate,C3H6O2,COC(C)=O
ethyl acetate,C4H8O2,CCOC(C)=O
methyl benzoate,C8H8O2,COC(=O)c1ccccc1
isoamyl acetate,C7H14O2,CC(C)CCOC(C)=O
acetamide,C2H5NO,CC(N)=O
N-methylacetamide,C3H7NO,CNC(C)=O
N;N-dimethylformamide (DMF),C3H7NO,CN(C)C=O
benzamide,C7H7NO,NC(=O)c1ccccc1
methylamine,CH5N,CN
ethylamine,C2H7N,CCN
dimethylamine,C2H7N,CNC
trimethylamine,C3H9N,CN(C)C
triethylamine,C6H15N,CCN(CC)CC
aniline,C6H7N,Nc1ccccc1
pyridine,C5H5N,c1ccncc1
acetonitrile,C2H3N,CC#N
benzonitrile,C7H5N,N#Cc1ccccc1
chloromethane,CH3Cl,CCl
chloroethane,C2H5Cl,CCCl
2-chloropropane,C3H7Cl,CC(C)Cl
2-bromo-2-methylpropane (tert-butyl bromide),C4H9Br,CC(C)(C)Br
bromoethane,C2H5Br,CCBr
iodomethane,CH3I,CI
chloroform,CHCl3,ClC(Cl)Cl
dichloromethane,CH2Cl2,ClCCl
chlorobenzene,C6H5Cl,Clc1ccccc1
benzene,C6H6,c1ccccc1
toluene,C7H8,Cc1ccccc1
naphthalene,C10H8,c1ccc2ccccc2c1
styrene,C8H8,C=Cc1ccccc1
p-xylene,C8H10,Cc1ccc(C)cc1
anisole,C7H8O,COc1ccccc1
nitrobenzene,C6H5NO2,O=[N+]([O-])c1ccccc1
methanethiol,CH4S,CS
ethanethiol,C2H6S,CCS
dimethyl sulfide,C2H6S,CSC
aspirin (acetylsalicylic acid),C9H8O4,CC(=O)Oc1ccccc1C(=O)O
ibuprofen,C13H18O2,CC(C)Cc1ccc(cc1)C(C)C(=O)O
acetaminophen (paracetamol),C8H9NO2,CC(=O)Nc1ccc(O)cc1
caffeine,C8H10N4O2,Cn1cnc2c1c(=O)n(C)c(=O)n2C
nicotine,C10H14N2,CN1CCC[C@H]1c1cccnc1
vanillin,C8H8O3,COc1cc(C=O)ccc1O
salicylic acid,C7H6O3,OC(=O)c1ccccc1O
glycine,C2H5NO2,NCC(=O)O
alanine (L),C3H7NO2,C[C@H](N)C(=O)O
urea,CH4N2O,NC(N)=O
lactic acid,C3H6O3,CC(O)C(=O)O
citric acid,C6H8O7,OC(=O)CC(O)(CC(=O)O)C(=O)O
glucose (open-chain D-glucose),C6H12O6,OC[C@@H](O)[C@@H](O)[C@H](O)[C@@H](O)C=O
menthol,C10H20O,CC(C)C1CCC(C)CC1O
limonene,C10H16,CC(=C)C1CCC(C)=CC1
cinnamaldehyde,C9H8O,O=C/C=C/c1ccccc1
adrenaline (epinephrine),C9H13NO3,CNC[C@H](O)c1ccc(O)c(O)c1
dopamine,C8H11NO2,NCCc1ccc(O)c(O)c1
ethyl benzoate,C9H10O2,CCOC(=O)c1ccccc1
acetyl chloride,C2H3ClO,CC(=O)Cl
acetic anhydride,C4H6O3,CC(=O)OC(C)=O
cyclohexene,C6H10,C1CCC=CC1
1-hexyne,C6H10,CCCCC#C
2-pentanone,C5H10O,CCCC(C)=O
3-pentanone,C5H10O,CCC(=O)CC
